,date,name,point
0,2019-10-01,사랑의 선물,9.64
1,2019-10-01,주전장,9.54
2,2019-10-01,안녕 베일리,9.46
3,2019-10-01,알라딘,9.39
4,2019-10-01,폴란드로 간 아이들,9.33
5,2019-10-01,교회오빠,9.28
6,2019-10-01,로마의 휴일,9.22
7,2019-10-01,타샤 튜더,9.04
8,2019-10-01,벌새,8.97
9,2019-10-01,마담 프루스트의 비밀정원,8.91
10,2019-10-01,비트,8.85
11,2019-10-01,김복동,8.83
12,2019-10-01,우리집,8.8
13,2019-10-01,"메밀꽃, 운수 좋은 날, 그리고 봄봄",8.75
14,2019-10-01,소중한 날의 꿈,8.58
15,2019-10-01,양자물리학,8.52
16,2019-10-01,그녀,8.5
17,2019-10-01,기생충,8.48
18,2019-10-01,장사리 : 잊혀진 영웅들,8.41
19,2019-10-01,엑시트,8.31
20,2019-10-01,무산일기,8.2
21,2019-10-01,에곤 쉴레: 욕망이 그린 그림,7.92
22,2019-10-01,봉오동 전투,7.89
23,2019-10-01,분노의 질주: 홉스&쇼,7.86
24,2019-10-01,"힘을 내요, 미스터 리",7.61
25,2019-10-01,원스 어폰 어 타임... 인 할리우드,7.61
26,2019-10-01,극장판 헬로카봇 : 달나라를 구해줘!,7.52
27,2019-10-01,몬스터 하우스,7.37
28,2019-10-01,47미터 2,7.29
29,2019-10-01,애드 아스트라,7.22
30,2019-10-01,예스터데이,6.6
31,2019-10-01,나쁜 녀석들: 더 무비,6.59
32,2019-10-01,그것: 두 번째 이야기,6.23
33,2019-10-01,유열의 음악앨범,6.08
34,2019-10-01,타짜: 원 아이드 잭,5.47
35,2019-10-02,사랑의 선물,9.65
36,2019-10-02,주전장,9.55
37,2019-10-02,안녕 베일리,9.46
38,2019-10-02,알라딘,9.39
39,2019-10-02,폴란드로 간 아이들,9.33
40,2019-10-02,교회오빠,9.28
41,2019-10-02,조커,9.27
42,2019-10-02,로마의 휴일,9.23
43,2019-10-02,타샤 튜더,9.04
44,2019-10-02,벌새,8.97
45,2019-10-02,마담 프루스트의 비밀정원,8.92
46,2019-10-02,비트,8.85
47,2019-10-02,김복동,8.83
48,2019-10-02,우리집,8.8
49,2019-10-02,그녀,8.5
50,2019-10-02,양자물리학,8.5
51,2019-10-02,기생충,8.48
52,2019-10-02,장사리 : 잊혀진 영웅들,8.4
53,2019-10-02,엑시트,8.31
54,2019-10-02,가장 보통의 연애,8.25
55,2019-10-02,무산일기,8.2
56,2019-10-02,더 룸,7.99
57,2019-10-02,에곤 쉴레: 욕망이 그린 그림,7.92
58,2019-10-02,"힘을 내요, 미스터 리",7.6
59,2019-10-02,원스 어폰 어 타임... 인 할리우드,7.6
60,2019-10-02,극장판 헬로카봇 : 달나라를 구해줘!,7.51
61,2019-10-02,몬스터 하우스,7.37
62,2019-10-02,47미터 2,7.29
63,2019-10-02,애드 아스트라,7.23
64,2019-10-02,퍼스트맨,6.96
65,2019-10-02,예스터데이,6.6
66,2019-10-02,나쁜 녀석들: 더 무비,6.58
67,2019-10-02,그것: 두 번째 이야기,6.24
68,2019-10-02,유열의 음악앨범,6.08
69,2019-10-02,타짜: 원 아이드 잭,5.47
70,2019-10-03,사랑의 선물,9.64
71,2019-10-03,주전장,9.55
72,2019-10-03,안녕 베일리,9.45
73,2019-10-03,알라딘,9.39
74,2019-10-03,폴란드로 간 아이들,9.33
75,2019-10-03,교회오빠,9.28
76,2019-10-03,로마의 휴일,9.23
77,2019-10-03,조커,9.12
78,2019-10-03,타샤 튜더,9.04
79,2019-10-03,벌새,8.95
80,2019-10-03,마담 프루스트의 비밀정원,8.92
81,2019-10-03,비트,8.85
82,2019-10-03,김복동,8.83
83,2019-10-03,우리집,8.8
84,2019-10-03,그녀,8.51
85,2019-10-03,양자물리학,8.48
86,2019-10-03,기생충,8.48
87,2019-10-03,장사리 : 잊혀진 영웅들,8.4
88,2019-10-03,가장 보통의 연애,8.36
89,2019-10-03,엑시트,8.31
90,2019-10-03,무산일기,8.2
91,2019-10-03,퍼펙트맨,8.18
92,2019-10-03,더 룸,7.99
93,2019-10-03,에곤 쉴레: 욕망이 그린 그림,7.92
94,2019-10-03,원스 어폰 어 타임... 인 할리우드,7.61
95,2019-10-03,"힘을 내요, 미스터 리",7.59
96,2019-10-03,극장판 헬로카봇 : 달나라를 구해줘!,7.51
97,2019-10-03,몬스터 하우스,7.37
98,2019-10-03,47미터 2,7.29
99,2019-10-03,애드 아스트라,7.24
100,2019-10-03,미드소마,6.65
101,2019-10-03,예스터데이,6.6
102,2019-10-03,나쁜 녀석들: 더 무비,6.58
103,2019-10-03,그것: 두 번째 이야기,6.23
104,2019-10-03,유열의 음악앨범,6.08
105,2019-10-03,타짜: 원 아이드 잭,5.46
106,2019-10-04,사랑의 선물,9.59
107,2019-10-04,주전장,9.55
108,2019-10-04,안녕 베일리,9.45
109,2019-10-04,알라딘,9.39
110,2019-10-04,폴란드로 간 아이들,9.33
111,2019-10-04,교회오빠,9.28
112,2019-10-04,로마의 휴일,9.23
113,2019-10-04,조커,9.05
114,2019-10-04,타샤 튜더,9.04
115,2019-10-04,벌새,8.95
116,2019-10-04,마담 프루스트의 비밀정원,8.92
117,2019-10-04,비트,8.85
118,2019-10-04,김복동,8.83
119,2019-10-04,우리집,8.8
120,2019-10-04,그녀,8.51
121,2019-10-04,양자물리학,8.48
122,2019-10-04,기생충,8.48
123,2019-10-04,장사리 : 잊혀진 영웅들,8.4
124,2019-10-04,가장 보통의 연애,8.36
125,2019-10-04,엑시트,8.31
126,2019-10-04,무산일기,8.2
127,2019-10-04,퍼펙트맨,8.11
128,2019-10-04,더 룸,7.98
129,2019-10-04,에곤 쉴레: 욕망이 그린 그림,7.92
130,2019-10-04,원스 어폰 어 타임... 인 할리우드,7.62
131,2019-10-04,"힘을 내요, 미스터 리",7.58
132,2019-10-04,극장판 헬로카봇 : 달나라를 구해줘!,7.5
133,2019-10-04,몬스터 하우스,7.37
134,2019-10-04,47미터 2,7.29
135,2019-10-04,애드 아스트라,7.24
136,2019-10-04,미드소마,6.65
137,2019-10-04,예스터데이,6.59
138,2019-10-04,나쁜 녀석들: 더 무비,6.58
139,2019-10-04,그것: 두 번째 이야기,6.23
140,2019-10-04,유열의 음악앨범,6.08
141,2019-10-04,타짜: 원 아이드 잭,5.46
142,2019-10-05,사랑의 선물,9.57
143,2019-10-05,주전장,9.55
144,2019-10-05,안녕 베일리,9.43
145,2019-10-05,알라딘,9.39
146,2019-10-05,폴란드로 간 아이들,9.33
147,2019-10-05,교회오빠,9.28
148,2019-10-05,로마의 휴일,9.23
149,2019-10-05,타샤 튜더,9.04
150,2019-10-05,조커,8.98
151,2019-10-05,벌새,8.95
152,2019-10-05,마담 프루스트의 비밀정원,8.92
153,2019-10-05,비트,8.85
154,2019-10-05,"나는 내일, 어제의 너와 만난다",8.83
155,2019-10-05,김복동,8.83
156,2019-10-05,우리집,8.8
157,2019-10-05,그녀,8.51
158,2019-10-05,기생충,8.48
159,2019-10-05,양자물리학,8.47
160,2019-10-05,장사리 : 잊혀진 영웅들,8.39
161,2019-10-05,가장 보통의 연애,8.33
162,2019-10-05,엑시트,8.31
163,2019-10-05,무산일기,8.2
164,2019-10-05,퍼펙트맨,8.1
165,2019-10-05,더 룸,7.97
166,2019-10-05,에곤 쉴레: 욕망이 그린 그림,7.92
167,2019-10-05,원스 어폰 어 타임... 인 할리우드,7.62
168,2019-10-05,"힘을 내요, 미스터 리",7.58
169,2019-10-05,극장판 헬로카봇 : 달나라를 구해줘!,7.51
170,2019-10-05,몬스터 하우스,7.37
171,2019-10-05,47미터 2,7.29
172,2019-10-05,애드 아스트라,7.25
173,2019-10-05,레플리카,6.83
174,2019-10-05,미드소마,6.65
175,2019-10-05,예스터데이,6.59
176,2019-10-05,나쁜 녀석들: 더 무비,6.58
177,2019-10-05,그것: 두 번째 이야기,6.24
178,2019-10-05,유열의 음악앨범,6.07
179,2019-10-05,타짜: 원 아이드 잭,5.46
180,2019-10-06,주전장,9.55
181,2019-10-06,사랑의 선물,9.52
182,2019-10-06,안녕 베일리,9.42
183,2019-10-06,알라딘,9.38
184,2019-10-06,폴란드로 간 아이들,9.32
185,2019-10-06,교회오빠,9.28
186,2019-10-06,로마의 휴일,9.23
187,2019-10-06,타샤 튜더,9.04
188,2019-10-06,벌새,8.96
189,2019-10-06,마담 프루스트의 비밀정원,8.92
190,2019-10-06,조커,8.91
191,2019-10-06,"나는 내일, 어제의 너와 만난다",8.83
192,2019-10-06,우리집,8.8
193,2019-10-06,그녀,8.51
194,2019-10-06,기생충,8.48
195,2019-10-06,양자물리학,8.46
196,2019-10-06,장사리 : 잊혀진 영웅들,8.39
197,2019-10-06,엑시트,8.31
198,2019-10-06,가장 보통의 연애,8.29
199,2019-10-06,무산일기,8.2
200,2019-10-06,퍼펙트맨,8.13
201,2019-10-06,더 룸,7.96
202,2019-10-06,에곤 쉴레: 욕망이 그린 그림,7.92
203,2019-10-06,원스 어폰 어 타임... 인 할리우드,7.63
204,2019-10-06,"힘을 내요, 미스터 리",7.58
205,2019-10-06,극장판 헬로카봇 : 달나라를 구해줘!,7.5
206,2019-10-06,47미터 2,7.28
207,2019-10-06,애드 아스트라,7.25
208,2019-10-06,레플리카,6.87
209,2019-10-06,미드소마,6.65
210,2019-10-06,예스터데이,6.58
211,2019-10-06,나쁜 녀석들: 더 무비,6.58
212,2019-10-06,그것: 두 번째 이야기,6.23
213,2019-10-06,유열의 음악앨범,6.07
214,2019-10-06,타짜: 원 아이드 잭,5.46
215,2019-10-07,주전장,9.54
216,2019-10-07,사랑의 선물,9.48
217,2019-10-07,안녕 베일리,9.42
218,2019-10-07,알라딘,9.38
219,2019-10-07,폴란드로 간 아이들,9.32
220,2019-10-07,교회오빠,9.28
221,2019-10-07,타샤 튜더,9.04
222,2019-10-07,벌새,8.96
223,2019-10-07,마담 프루스트의 비밀정원,8.92
224,2019-10-07,조커,8.87
225,2019-10-07,"나는 내일, 어제의 너와 만난다",8.83
226,2019-10-07,우리집,8.8
227,2019-10-07,기생충,8.48
228,2019-10-07,양자물리학,8.46
229,2019-10-07,장사리 : 잊혀진 영웅들,8.38
230,2019-10-07,엑시트,8.31
231,2019-10-07,가장 보통의 연애,8.27
232,2019-10-07,무산일기,8.2
233,2019-10-07,퍼펙트맨,8.1
234,2019-10-07,더 룸,7.96
235,2019-10-07,에곤 쉴레: 욕망이 그린 그림,7.92
236,2019-10-07,원스 어폰 어 타임... 인 할리우드,7.63
237,2019-10-07,"힘을 내요, 미스터 리",7.57
238,2019-10-07,극장판 헬로카봇 : 달나라를 구해줘!,7.49
239,2019-10-07,47미터 2,7.28
240,2019-10-07,애드 아스트라,7.25
241,2019-10-07,레플리카,6.88
242,2019-10-07,미드소마,6.65
243,2019-10-07,예스터데이,6.58
244,2019-10-07,나쁜 녀석들: 더 무비,6.58
245,2019-10-07,그것: 두 번째 이야기,6.23
246,2019-10-07,유열의 음악앨범,6.07
247,2019-10-07,타짜: 원 아이드 잭,5.46
248,2019-10-08,주전장,9.53
249,2019-10-08,사랑의 선물,9.47
250,2019-10-08,안녕 베일리,9.43
251,2019-10-08,알라딘,9.38
252,2019-10-08,폴란드로 간 아이들,9.32
253,2019-10-08,교회오빠,9.28
254,2019-10-08,타샤 튜더,9.04
255,2019-10-08,벌새,8.96
256,2019-10-08,마담 프루스트의 비밀정원,8.92
257,2019-10-08,조커,8.86
258,2019-10-08,"나는 내일, 어제의 너와 만난다",8.83
259,2019-10-08,우리집,8.8
260,2019-10-08,기생충,8.48
261,2019-10-08,양자물리학,8.45
262,2019-10-08,장사리 : 잊혀진 영웅들,8.39
263,2019-10-08,엑시트,8.3
264,2019-10-08,가장 보통의 연애,8.2
265,2019-10-08,퍼펙트맨,8.09
266,2019-10-08,더 룸,7.97
267,2019-10-08,에곤 쉴레: 욕망이 그린 그림,7.92
268,2019-10-08,원스 어폰 어 타임... 인 할리우드,7.62
269,2019-10-08,"힘을 내요, 미스터 리",7.57
270,2019-10-08,극장판 헬로카봇 : 달나라를 구해줘!,7.49
271,2019-10-08,47미터 2,7.28
272,2019-10-08,애드 아스트라,7.25
273,2019-10-08,레플리카,6.87
274,2019-10-08,미드소마,6.65
275,2019-10-08,나쁜 녀석들: 더 무비,6.58
276,2019-10-08,예스터데이,6.58
277,2019-10-08,그것: 두 번째 이야기,6.23
278,2019-10-08,유열의 음악앨범,6.07
279,2019-10-08,타짜: 원 아이드 잭,5.46
280,2019-10-09,주전장,9.53
281,2019-10-09,사랑의 선물,9.46
282,2019-10-09,안녕 베일리,9.42
283,2019-10-09,아이언 자이언트,9.33
284,2019-10-09,폴란드로 간 아이들,9.32
285,2019-10-09,교회오빠,9.29
286,2019-10-09,타샤 튜더,9.04
287,2019-10-09,벌새,8.95
288,2019-10-09,마담 프루스트의 비밀정원,8.92
289,2019-10-09,"나는 내일, 어제의 너와 만난다",8.83
290,2019-10-09,조커,8.83
291,2019-10-09,우리집,8.79
292,2019-10-09,기생충,8.48
293,2019-10-09,양자물리학,8.45
294,2019-10-09,장사리 : 잊혀진 영웅들,8.39
295,2019-10-09,엑시트,8.3
296,2019-10-09,가장 보통의 연애,8.16
297,2019-10-09,퍼펙트맨,8.09
298,2019-10-09,더 룸,7.98
299,2019-10-09,에곤 쉴레: 욕망이 그린 그림,7.92
300,2019-10-09,원스 어폰 어 타임... 인 할리우드,7.62
301,2019-10-09,"힘을 내요, 미스터 리",7.57
302,2019-10-09,극장판 헬로카봇 : 달나라를 구해줘!,7.48
303,2019-10-09,47미터 2,7.28
304,2019-10-09,애드 아스트라,7.25
305,2019-10-09,레플리카,6.87
306,2019-10-09,미드소마,6.65
307,2019-10-09,나쁜 녀석들: 더 무비,6.58
308,2019-10-09,예스터데이,6.57
309,2019-10-09,그것: 두 번째 이야기,6.23
310,2019-10-09,유열의 음악앨범,6.07
311,2019-10-09,타짜: 원 아이드 잭,5.43
312,2019-10-10,주전장,9.53
313,2019-10-10,사랑의 선물,9.45
314,2019-10-10,안녕 베일리,9.42
315,2019-10-10,아이언 자이언트,9.33
316,2019-10-10,폴란드로 간 아이들,9.32
317,2019-10-10,교회오빠,9.29
318,2019-10-10,레드슈즈,9.24
319,2019-10-10,벌새,8.94
320,2019-10-10,"나는 내일, 어제의 너와 만난다",8.83
321,2019-10-10,조커,8.82
322,2019-10-10,우리집,8.79
323,2019-10-10,기생충,8.48
324,2019-10-10,양자물리학,8.45
325,2019-10-10,장사리 : 잊혀진 영웅들,8.39
326,2019-10-10,엑시트,8.3
327,2019-10-10,가장 보통의 연애,8.11
328,2019-10-10,퍼펙트맨,8.08
329,2019-10-10,죽거나 혹은 나쁘거나,8.08
330,2019-10-10,더 룸,7.98
331,2019-10-10,에곤 쉴레: 욕망이 그린 그림,7.92
332,2019-10-10,원스 어폰 어 타임... 인 할리우드,7.63
333,2019-10-10,"힘을 내요, 미스터 리",7.57
334,2019-10-10,극장판 헬로카봇 : 달나라를 구해줘!,7.48
335,2019-10-10,47미터 2,7.28
336,2019-10-10,애드 아스트라,7.26
337,2019-10-10,레플리카,6.85
338,2019-10-10,미드소마,6.65
339,2019-10-10,제미니 맨,6.62
340,2019-10-10,나쁜 녀석들: 더 무비,6.58
341,2019-10-10,예스터데이,6.56
342,2019-10-10,그것: 두 번째 이야기,6.23
343,2019-10-10,유열의 음악앨범,6.07
344,2019-10-10,타짜: 원 아이드 잭,5.41
345,2019-10-11,주전장,9.51
346,2019-10-11,사랑의 선물,9.45
347,2019-10-11,안녕 베일리,9.42
348,2019-10-11,아이언 자이언트,9.33
349,2019-10-11,폴란드로 간 아이들,9.32
350,2019-10-11,언더독,9.3
351,2019-10-11,교회오빠,9.28
352,2019-10-11,우리들,9.25
353,2019-10-11,레드슈즈,9.24
354,2019-10-11,벌새,8.93
355,2019-10-11,조커,8.8
356,2019-10-11,우리집,8.79
357,2019-10-11,소공녀,8.78
358,2019-10-11,기생충,8.48
359,2019-10-11,양자물리학,8.45
360,2019-10-11,장사리 : 잊혀진 영웅들,8.39
361,2019-10-11,엑시트,8.3
362,2019-10-11,죽거나 혹은 나쁘거나,8.07
363,2019-10-11,가장 보통의 연애,8.07
364,2019-10-11,퍼펙트맨,8.05
365,2019-10-11,시인의 사랑,7.98
366,2019-10-11,더 룸,7.98
367,2019-10-11,에곤 쉴레: 욕망이 그린 그림,7.92
368,2019-10-11,장기왕: 가락시장 레볼루션,7.82
369,2019-10-11,콜 미 바이 유어 네임,7.69
370,2019-10-11,원스 어폰 어 타임... 인 할리우드,7.64
371,2019-10-11,"힘을 내요, 미스터 리",7.57
372,2019-10-11,극장판 헬로카봇 : 달나라를 구해줘!,7.49
373,2019-10-11,47미터 2,7.28
374,2019-10-11,애드 아스트라,7.25
375,2019-10-11,레플리카,6.83
376,2019-10-11,제미니 맨,6.68
377,2019-10-11,미드소마,6.64
378,2019-10-11,나쁜 녀석들: 더 무비,6.58
379,2019-10-11,예스터데이,6.56
380,2019-10-11,그것: 두 번째 이야기,6.23
381,2019-10-11,유열의 음악앨범,6.07
382,2019-10-11,타짜: 원 아이드 잭,5.39
383,2019-10-12,주전장,9.51
384,2019-10-12,사랑의 선물,9.44
385,2019-10-12,안녕 베일리,9.43
386,2019-10-12,아이언 자이언트,9.33
387,2019-10-12,폴란드로 간 아이들,9.32
388,2019-10-12,언더독,9.3
389,2019-10-12,교회오빠,9.28
390,2019-10-12,우리들,9.25
391,2019-10-12,레드슈즈,9.24
392,2019-10-12,벌새,8.94
393,2019-10-12,우리집,8.78
394,2019-10-12,소공녀,8.78
395,2019-10-12,조커,8.78
396,2019-10-12,기생충,8.48
397,2019-10-12,양자물리학,8.39
398,2019-10-12,장사리 : 잊혀진 영웅들,8.39
399,2019-10-12,메기,8.31
400,2019-10-12,엑시트,8.3
401,2019-10-12,죽거나 혹은 나쁘거나,8.07
402,2019-10-12,퍼펙트맨,8.04
403,2019-10-12,가장 보통의 연애,8.02
404,2019-10-12,시인의 사랑,7.98
405,2019-10-12,더 룸,7.98
406,2019-10-12,에곤 쉴레: 욕망이 그린 그림,7.92
407,2019-10-12,장기왕: 가락시장 레볼루션,7.82
408,2019-10-12,콜 미 바이 유어 네임,7.7
409,2019-10-12,원스 어폰 어 타임... 인 할리우드,7.64
410,2019-10-12,"힘을 내요, 미스터 리",7.57
411,2019-10-12,극장판 헬로카봇 : 달나라를 구해줘!,7.49
412,2019-10-12,판소리 복서,7.36
413,2019-10-12,47미터 2,7.28
414,2019-10-12,애드 아스트라,7.25
415,2019-10-12,레플리카,6.84
416,2019-10-12,제미니 맨,6.74
417,2019-10-12,미드소마,6.63
418,2019-10-12,나쁜 녀석들: 더 무비,6.58
419,2019-10-12,예스터데이,6.56
420,2019-10-12,그것: 두 번째 이야기,6.23
421,2019-10-12,유열의 음악앨범,6.07
422,2019-10-12,타짜: 원 아이드 잭,5.38
423,2019-10-13,주전장,9.51
424,2019-10-13,사랑의 선물,9.44
425,2019-10-13,안녕 베일리,9.41
426,2019-10-13,아이언 자이언트,9.33
427,2019-10-13,폴란드로 간 아이들,9.32
428,2019-10-13,언더독,9.3
429,2019-10-13,교회오빠,9.28
430,2019-10-13,우리들,9.25
431,2019-10-13,레드슈즈,9.25
432,2019-10-13,벌새,8.94
433,2019-10-13,김복동,8.84
434,2019-10-13,우리집,8.79
435,2019-10-13,소공녀,8.78
436,2019-10-13,조커,8.75
437,2019-10-13,기생충,8.48
438,2019-10-13,장사리 : 잊혀진 영웅들,8.39
439,2019-10-13,양자물리학,8.37
440,2019-10-13,메기,8.31
441,2019-10-13,엑시트,8.3
442,2019-10-13,죽거나 혹은 나쁘거나,8.08
443,2019-10-13,퍼펙트맨,8.03
444,2019-10-13,가장 보통의 연애,8.0
445,2019-10-13,시인의 사랑,7.98
446,2019-10-13,더 룸,7.96
447,2019-10-13,에곤 쉴레: 욕망이 그린 그림,7.92
448,2019-10-13,장기왕: 가락시장 레볼루션,7.83
449,2019-10-13,콜 미 바이 유어 네임,7.7
450,2019-10-13,원스 어폰 어 타임... 인 할리우드,7.65
451,2019-10-13,"힘을 내요, 미스터 리",7.57
452,2019-10-13,극장판 헬로카봇 : 달나라를 구해줘!,7.49
453,2019-10-13,판소리 복서,7.43
454,2019-10-13,47미터 2,7.28
455,2019-10-13,애드 아스트라,7.25
456,2019-10-13,레플리카,6.84
457,2019-10-13,제미니 맨,6.83
458,2019-10-13,미드소마,6.62
459,2019-10-13,나쁜 녀석들: 더 무비,6.58
460,2019-10-13,예스터데이,6.55
461,2019-10-13,유열의 음악앨범,6.07
462,2019-10-13,타짜: 원 아이드 잭,5.37
463,2019-10-14,주전장,9.51
464,2019-10-14,사랑의 선물,9.45
465,2019-10-14,안녕 베일리,9.4
466,2019-10-14,아이언 자이언트,9.33
467,2019-10-14,폴란드로 간 아이들,9.32
468,2019-10-14,언더독,9.3
469,2019-10-14,교회오빠,9.28
470,2019-10-14,우리들,9.25
471,2019-10-14,레드슈즈,9.25
472,2019-10-14,벌새,8.94
473,2019-10-14,김복동,8.84
474,2019-10-14,우리집,8.79
475,2019-10-14,소공녀,8.78
476,2019-10-14,조커,8.75
477,2019-10-14,기생충,8.48
478,2019-10-14,장사리 : 잊혀진 영웅들,8.39
479,2019-10-14,양자물리학,8.35
480,2019-10-14,메기,8.34
481,2019-10-14,엑시트,8.3
482,2019-10-14,죽거나 혹은 나쁘거나,8.08
483,2019-10-14,퍼펙트맨,8.03
484,2019-10-14,시인의 사랑,7.98
485,2019-10-14,가장 보통의 연애,7.97
486,2019-10-14,더 룸,7.94
487,2019-10-14,에곤 쉴레: 욕망이 그린 그림,7.92
488,2019-10-14,장기왕: 가락시장 레볼루션,7.83
489,2019-10-14,콜 미 바이 유어 네임,7.7
490,2019-10-14,원스 어폰 어 타임... 인 할리우드,7.65
491,2019-10-14,"힘을 내요, 미스터 리",7.57
492,2019-10-14,판소리 복서,7.49
493,2019-10-14,극장판 헬로카봇 : 달나라를 구해줘!,7.49
494,2019-10-14,47미터 2,7.28
495,2019-10-14,애드 아스트라,7.25
496,2019-10-14,제미니 맨,6.89
497,2019-10-14,레플리카,6.81
498,2019-10-14,미드소마,6.62
499,2019-10-14,나쁜 녀석들: 더 무비,6.58
500,2019-10-14,예스터데이,6.55
501,2019-10-14,타짜: 원 아이드 잭,5.36
502,2019-10-15,주전장,9.51
503,2019-10-15,사랑의 선물,9.45
504,2019-10-15,안녕 베일리,9.4
505,2019-10-15,아이언 자이언트,9.33
506,2019-10-15,폴란드로 간 아이들,9.32
507,2019-10-15,언더독,9.3
508,2019-10-15,교회오빠,9.28
509,2019-10-15,우리들,9.25
510,2019-10-15,레드슈즈,9.24
511,2019-10-15,벌새,8.93
512,2019-10-15,김복동,8.84
513,2019-10-15,우리집,8.79
514,2019-10-15,소공녀,8.78
515,2019-10-15,조커,8.74
516,2019-10-15,기생충,8.48
517,2019-10-15,장사리 : 잊혀진 영웅들,8.39
518,2019-10-15,양자물리학,8.35
519,2019-10-15,메기,8.34
520,2019-10-15,엑시트,8.3
521,2019-10-15,죽거나 혹은 나쁘거나,8.08
522,2019-10-15,퍼펙트맨,8.04
523,2019-10-15,시인의 사랑,7.98
524,2019-10-15,가장 보통의 연애,7.95
525,2019-10-15,에곤 쉴레: 욕망이 그린 그림,7.92
526,2019-10-15,더 룸,7.88
527,2019-10-15,장기왕: 가락시장 레볼루션,7.83
528,2019-10-15,콜 미 바이 유어 네임,7.7
529,2019-10-15,원스 어폰 어 타임... 인 할리우드,7.65
530,2019-10-15,"힘을 내요, 미스터 리",7.57
531,2019-10-15,극장판 헬로카봇 : 달나라를 구해줘!,7.49
532,2019-10-15,판소리 복서,7.48
533,2019-10-15,47미터 2,7.28
534,2019-10-15,애드 아스트라,7.25
535,2019-10-15,제미니 맨,6.87
536,2019-10-15,레플리카,6.82
537,2019-10-15,미드소마,6.61
538,2019-10-15,나쁜 녀석들: 더 무비,6.58
539,2019-10-15,예스터데이,6.55
540,2019-10-15,타짜: 원 아이드 잭,5.35
541,2019-10-16,주전장,9.51
542,2019-10-16,안녕 베일리,9.4
543,2019-10-16,아이언 자이언트,9.33
544,2019-10-16,폴란드로 간 아이들,9.32
545,2019-10-16,언더독,9.3
546,2019-10-16,교회오빠,9.28
547,2019-10-16,우리들,9.25
548,2019-10-16,레드슈즈,9.24
549,2019-10-16,벌새,8.93
550,2019-10-16,김복동,8.84
551,2019-10-16,우리집,8.78
552,2019-10-16,조커,8.74
553,2019-10-16,아이다호,8.57
554,2019-10-16,기생충,8.48
555,2019-10-16,장사리 : 잊혀진 영웅들,8.39
556,2019-10-16,메기,8.36
557,2019-10-16,양자물리학,8.35
558,2019-10-16,엑시트,8.3
559,2019-10-16,죽거나 혹은 나쁘거나,8.08
560,2019-10-16,퍼펙트맨,8.03
561,2019-10-16,시인의 사랑,7.98
562,2019-10-16,가장 보통의 연애,7.95
563,2019-10-16,에곤 쉴레: 욕망이 그린 그림,7.92
564,2019-10-16,장기왕: 가락시장 레볼루션,7.83
565,2019-10-16,더 룸,7.83
566,2019-10-16,콜 미 바이 유어 네임,7.7
567,2019-10-16,원스 어폰 어 타임... 인 할리우드,7.64
568,2019-10-16,"힘을 내요, 미스터 리",7.58
569,2019-10-16,극장판 헬로카봇 : 달나라를 구해줘!,7.49
570,2019-10-16,판소리 복서,7.47
571,2019-10-16,47미터 2,7.28
572,2019-10-16,애드 아스트라,7.25
573,2019-10-16,제미니 맨,6.83
574,2019-10-16,레플리카,6.82
575,2019-10-16,미드소마,6.61
576,2019-10-16,나쁜 녀석들: 더 무비,6.57
577,2019-10-16,예스터데이,6.55
578,2019-10-17,주전장,9.51
579,2019-10-17,안녕 베일리,9.4
580,2019-10-17,아이언 자이언트,9.33
581,2019-10-17,폴란드로 간 아이들,9.32
582,2019-10-17,교회오빠,9.28
583,2019-10-17,우리들,9.25
584,2019-10-17,벌새,8.93
585,2019-10-17,김복동,8.83
586,2019-10-17,우리집,8.78
587,2019-10-17,조커,8.74
588,2019-10-17,천로역정: 천국을 찾아서,8.71
589,2019-10-17,아이다호,8.57
590,2019-10-17,기생충,8.48
591,2019-10-17,티파니에서 아침을,8.39
592,2019-10-17,장사리 : 잊혀진 영웅들,8.39
593,2019-10-17,말레피센트 2,8.37
594,2019-10-17,메기,8.34
595,2019-10-17,양자물리학,8.34
596,2019-10-17,엑시트,8.3
597,2019-10-17,죽거나 혹은 나쁘거나,8.08
598,2019-10-17,퍼펙트맨,8.03
599,2019-10-17,시인의 사랑,7.98
600,2019-10-17,가장 보통의 연애,7.94
601,2019-10-17,에곤 쉴레: 욕망이 그린 그림,7.92
602,2019-10-17,장기왕: 가락시장 레볼루션,7.82
603,2019-10-17,더 룸,7.8
604,2019-10-17,콜 미 바이 유어 네임,7.7
605,2019-10-17,원스 어폰 어 타임... 인 할리우드,7.64
606,2019-10-17,"힘을 내요, 미스터 리",7.58
607,2019-10-17,판소리 복서,7.5
608,2019-10-17,극장판 헬로카봇 : 달나라를 구해줘!,7.49
609,2019-10-17,47미터 2,7.28
610,2019-10-17,애드 아스트라,7.25
611,2019-10-17,레플리카,6.82
612,2019-10-17,제미니 맨,6.81
613,2019-10-17,미드소마,6.61
614,2019-10-17,나쁜 녀석들: 더 무비,6.55
615,2019-10-17,예스터데이,6.55
616,2019-10-17,나랏말싸미,3.37
617,2019-10-18,주전장,9.5
618,2019-10-18,안녕 베일리,9.4
619,2019-10-18,아이언 자이언트,9.33
620,2019-10-18,폴란드로 간 아이들,9.32
621,2019-10-18,교회오빠,9.28
622,2019-10-18,우리들,9.25
623,2019-10-18,벌새,8.91
624,2019-10-18,김복동,8.83
625,2019-10-18,우리집,8.78
626,2019-10-18,조커,8.73
627,2019-10-18,천로역정: 천국을 찾아서,8.71
628,2019-10-18,아이다호,8.57
629,2019-10-18,기생충,8.48
630,2019-10-18,티파니에서 아침을,8.39
631,2019-10-18,장사리 : 잊혀진 영웅들,8.39
632,2019-10-18,메기,8.36
633,2019-10-18,양자물리학,8.33
634,2019-10-18,말레피센트 2,8.32
635,2019-10-18,엑시트,8.3
636,2019-10-18,죽거나 혹은 나쁘거나,8.08
637,2019-10-18,퍼펙트맨,8.02
638,2019-10-18,시인의 사랑,7.98
639,2019-10-18,가장 보통의 연애,7.94
640,2019-10-18,에곤 쉴레: 욕망이 그린 그림,7.92
641,2019-10-18,장기왕: 가락시장 레볼루션,7.82
642,2019-10-18,콜 미 바이 유어 네임,7.7
643,2019-10-18,더 룸,7.7
644,2019-10-18,원스 어폰 어 타임... 인 할리우드,7.64
645,2019-10-18,"힘을 내요, 미스터 리",7.58
646,2019-10-18,"안녕, 티라노: 영원히, 함께",7.49
647,2019-10-18,극장판 헬로카봇 : 달나라를 구해줘!,7.49
648,2019-10-18,판소리 복서,7.46
649,2019-10-18,47미터 2,7.28
650,2019-10-18,애드 아스트라,7.25
651,2019-10-18,레플리카,6.82
652,2019-10-18,제미니 맨,6.78
653,2019-10-18,미드소마,6.61
654,2019-10-18,예스터데이,6.54
655,2019-10-18,나쁜 녀석들: 더 무비,6.53
656,2019-10-18,두번할까요,6.21
657,2019-10-19,주전장,9.5
658,2019-10-19,안녕 베일리,9.39
659,2019-10-19,아이언 자이언트,9.33
660,2019-10-19,폴란드로 간 아이들,9.32
661,2019-10-19,교회오빠,9.28
662,2019-10-19,우리들,9.25
663,2019-10-19,벌새,8.91
664,2019-10-19,김복동,8.83
665,2019-10-19,우리집,8.78
666,2019-10-19,조커,8.72
667,2019-10-19,천로역정: 천국을 찾아서,8.71
668,2019-10-19,아이다호,8.58
669,2019-10-19,기생충,8.48
670,2019-10-19,티파니에서 아침을,8.39
671,2019-10-19,장사리 : 잊혀진 영웅들,8.39
672,2019-10-19,메기,8.37
673,2019-10-19,양자물리학,8.32
674,2019-10-19,엑시트,8.3
675,2019-10-19,죽거나 혹은 나쁘거나,8.08
676,2019-10-19,퍼펙트맨,8.01
677,2019-10-19,말레피센트 2,8.01
678,2019-10-19,시인의 사랑,7.98
679,2019-10-19,가장 보통의 연애,7.94
680,2019-10-19,에곤 쉴레: 욕망이 그린 그림,7.92
681,2019-10-19,장기왕: 가락시장 레볼루션,7.83
682,2019-10-19,콜 미 바이 유어 네임,7.7
683,2019-10-19,더 룸,7.69
684,2019-10-19,원스 어폰 어 타임... 인 할리우드,7.64
685,2019-10-19,"힘을 내요, 미스터 리",7.58
686,2019-10-19,극장판 헬로카봇 : 달나라를 구해줘!,7.49
687,2019-10-19,"안녕, 티라노: 영원히, 함께",7.49
688,2019-10-19,판소리 복서,7.44
689,2019-10-19,47미터 2,7.28
690,2019-10-19,애드 아스트라,7.25
691,2019-10-19,레플리카,6.81
692,2019-10-19,제미니 맨,6.77
693,2019-10-19,미드소마,6.62
694,2019-10-19,예스터데이,6.54
695,2019-10-19,나쁜 녀석들: 더 무비,6.51
696,2019-10-19,두번할까요,5.84
697,2019-10-20,주전장,9.5
698,2019-10-20,안녕 베일리,9.39
699,2019-10-20,아이언 자이언트,9.33
700,2019-10-20,폴란드로 간 아이들,9.32
701,2019-10-20,교회오빠,9.27
702,2019-10-20,우리들,9.25
703,2019-10-20,벌새,8.91
704,2019-10-20,김복동,8.83
705,2019-10-20,우리집,8.77
706,2019-10-20,조커,8.71
707,2019-10-20,천로역정: 천국을 찾아서,8.71
708,2019-10-20,아이다호,8.58
709,2019-10-20,기생충,8.48
710,2019-10-20,티파니에서 아침을,8.39
711,2019-10-20,메기,8.39
712,2019-10-20,장사리 : 잊혀진 영웅들,8.39
713,2019-10-20,양자물리학,8.32
714,2019-10-20,엑시트,8.3
715,2019-10-20,죽거나 혹은 나쁘거나,8.08
716,2019-10-20,퍼펙트맨,8.02
717,2019-10-20,시인의 사랑,7.98
718,2019-10-20,가장 보통의 연애,7.94
719,2019-10-20,에곤 쉴레: 욕망이 그린 그림,7.92
720,2019-10-20,장기왕: 가락시장 레볼루션,7.83
721,2019-10-20,말레피센트 2,7.76
722,2019-10-20,더 룸,7.71
723,2019-10-20,콜 미 바이 유어 네임,7.7
724,2019-10-20,원스 어폰 어 타임... 인 할리우드,7.64
725,2019-10-20,"힘을 내요, 미스터 리",7.57
726,2019-10-20,"안녕, 티라노: 영원히, 함께",7.49
727,2019-10-20,극장판 헬로카봇 : 달나라를 구해줘!,7.48
728,2019-10-20,판소리 복서,7.44
729,2019-10-20,47미터 2,7.28
730,2019-10-20,애드 아스트라,7.25
731,2019-10-20,레플리카,6.81
732,2019-10-20,제미니 맨,6.77
733,2019-10-20,미드소마,6.61
734,2019-10-20,예스터데이,6.54
735,2019-10-20,나쁜 녀석들: 더 무비,6.5
736,2019-10-20,두번할까요,5.72
737,2019-10-20,타짜: 원 아이드 잭,5.35
738,2019-10-21,주전장,9.5
739,2019-10-21,아이언 자이언트,9.33
740,2019-10-21,폴란드로 간 아이들,9.32
741,2019-10-21,교회오빠,9.27
742,2019-10-21,우리들,9.25
743,2019-10-21,스탠 바이 미,9.08
744,2019-10-21,벌새,8.91
745,2019-10-21,매디슨 카운티의 다리,8.88
746,2019-10-21,김복동,8.83
747,2019-10-21,우리집,8.77
748,2019-10-21,너의 이름은.,8.75
749,2019-10-21,조커,8.71
750,2019-10-21,아이다호,8.58
751,2019-10-21,기생충,8.48
752,2019-10-21,메기,8.4
753,2019-10-21,티파니에서 아침을,8.39
754,2019-10-21,장사리 : 잊혀진 영웅들,8.39
755,2019-10-21,양자물리학,8.31
756,2019-10-21,엑시트,8.3
757,2019-10-21,죽거나 혹은 나쁘거나,8.08
758,2019-10-21,퍼펙트맨,8.01
759,2019-10-21,시인의 사랑,7.98
760,2019-10-21,가장 보통의 연애,7.93
761,2019-10-21,장기왕: 가락시장 레볼루션,7.83
762,2019-10-21,콜 미 바이 유어 네임,7.7
763,2019-10-21,더 룸,7.7
764,2019-10-21,말레피센트 2,7.69
765,2019-10-21,원스 어폰 어 타임... 인 할리우드,7.64
766,2019-10-21,"힘을 내요, 미스터 리",7.57
767,2019-10-21,"안녕, 티라노: 영원히, 함께",7.49
768,2019-10-21,극장판 헬로카봇 : 달나라를 구해줘!,7.48
769,2019-10-21,판소리 복서,7.43
770,2019-10-21,47미터 2,7.28
771,2019-10-21,애드 아스트라,7.25
772,2019-10-21,레플리카,6.8
773,2019-10-21,"쏘아올린 불꽃, 밑에서 볼까? 옆에서 볼까?",6.77
774,2019-10-21,제미니 맨,6.76
775,2019-10-21,펭귄 하이웨이,6.62
776,2019-10-21,미드소마,6.61
777,2019-10-21,예스터데이,6.54
778,2019-10-21,나쁜 녀석들: 더 무비,6.5
779,2019-10-21,두번할까요,5.63
780,2019-10-21,타짜: 원 아이드 잭,5.34
781,2019-10-21,나랏말싸미,3.37
782,2019-10-22,주전장,9.5
783,2019-10-22,아이언 자이언트,9.33
784,2019-10-22,폴란드로 간 아이들,9.32
785,2019-10-22,교회오빠,9.27
786,2019-10-22,우리들,9.25
787,2019-10-22,레드슈즈,9.24
788,2019-10-22,스탠 바이 미,9.08
789,2019-10-22,벌새,8.92
790,2019-10-22,세상을 바꾼 변호인,8.88
791,2019-10-22,매디슨 카운티의 다리,8.88
792,2019-10-22,김복동,8.83
793,2019-10-22,우리집,8.77
794,2019-10-22,너의 이름은.,8.75
795,2019-10-22,조커,8.71
796,2019-10-22,아이다호,8.58
797,2019-10-22,기생충,8.48
798,2019-10-22,메기,8.41
799,2019-10-22,장사리 : 잊혀진 영웅들,8.39
800,2019-10-22,티파니에서 아침을,8.39
801,2019-10-22,양자물리학,8.31
802,2019-10-22,엑시트,8.3
803,2019-10-22,죽거나 혹은 나쁘거나,8.08
804,2019-10-22,퍼펙트맨,8.02
805,2019-10-22,시인의 사랑,7.98
806,2019-10-22,가장 보통의 연애,7.92
807,2019-10-22,장기왕: 가락시장 레볼루션,7.83
808,2019-10-22,말레피센트 2,7.71
809,2019-10-22,콜 미 바이 유어 네임,7.71
810,2019-10-22,더 룸,7.69
811,2019-10-22,원스 어폰 어 타임... 인 할리우드,7.64
812,2019-10-22,"힘을 내요, 미스터 리",7.57
813,2019-10-22,극장판 헬로카봇 : 달나라를 구해줘!,7.48
814,2019-10-22,"안녕, 티라노: 영원히, 함께",7.48
815,2019-10-22,판소리 복서,7.35
816,2019-10-22,47미터 2,7.28
817,2019-10-22,애드 아스트라,7.25
818,2019-10-22,레플리카,6.79
819,2019-10-22,제미니 맨,6.77
820,2019-10-22,"쏘아올린 불꽃, 밑에서 볼까? 옆에서 볼까?",6.77
821,2019-10-22,펭귄 하이웨이,6.61
822,2019-10-22,미드소마,6.6
823,2019-10-22,예스터데이,6.55
824,2019-10-22,나쁜 녀석들: 더 무비,6.49
825,2019-10-22,두번할까요,5.57
826,2019-10-22,타짜: 원 아이드 잭,5.34
827,2019-10-22,나랏말싸미,3.37
828,2019-10-23,주전장,9.5
829,2019-10-23,아이언 자이언트,9.33
830,2019-10-23,폴란드로 간 아이들,9.32
831,2019-10-23,교회오빠,9.28
832,2019-10-23,우리들,9.25
833,2019-10-23,바람과 함께 사라지다,9.21
834,2019-10-23,스탠 바이 미,9.08
835,2019-10-23,벌새,8.92
836,2019-10-23,매디슨 카운티의 다리,8.88
837,2019-10-23,김복동,8.83
838,2019-10-23,우리집,8.77
839,2019-10-23,너의 이름은.,8.75
840,2019-10-23,조커,8.71
841,2019-10-23,김광석,8.67
842,2019-10-23,아이다호,8.58
843,2019-10-23,기생충,8.48
844,2019-10-23,메기,8.42
845,2019-10-23,장사리 : 잊혀진 영웅들,8.39
846,2019-10-23,엑시트,8.3
847,2019-10-23,내안의 그놈,8.24
848,2019-10-23,죽거나 혹은 나쁘거나,8.08
849,2019-10-23,퍼펙트맨,8.01
850,2019-10-23,시인의 사랑,7.98
851,2019-10-23,가장 보통의 연애,7.92
852,2019-10-23,장기왕: 가락시장 레볼루션,7.83
853,2019-10-23,말레피센트 2,7.8
854,2019-10-23,김군,7.76
855,2019-10-23,콜 미 바이 유어 네임,7.71
856,2019-10-23,더 룸,7.68
857,2019-10-23,원스 어폰 어 타임... 인 할리우드,7.64
858,2019-10-23,"힘을 내요, 미스터 리",7.57
859,2019-10-23,극장판 헬로카봇 : 달나라를 구해줘!,7.48
860,2019-10-23,"안녕, 티라노: 영원히, 함께",7.46
861,2019-10-23,판소리 복서,7.36
862,2019-10-23,47미터 2,7.28
863,2019-10-23,애드 아스트라,7.25
864,2019-10-23,레플리카,6.79
865,2019-10-23,제미니 맨,6.78
866,2019-10-23,"쏘아올린 불꽃, 밑에서 볼까? 옆에서 볼까?",6.78
867,2019-10-23,펭귄 하이웨이,6.61
868,2019-10-23,미드소마,6.59
869,2019-10-23,나쁜 녀석들: 더 무비,6.49
870,2019-10-23,다이빙벨,6.37
871,2019-10-23,두번할까요,5.5
872,2019-10-23,82년생 김지영,5.38
873,2019-10-23,타짜: 원 아이드 잭,5.34
874,2019-10-23,나랏말싸미,3.37
875,2019-10-24,주전장,9.5
876,2019-10-24,터미네이터 2:오리지널,9.42
877,2019-10-24,아이언 자이언트,9.33
878,2019-10-24,폴란드로 간 아이들,9.32
879,2019-10-24,교회오빠,9.27
880,2019-10-24,우리들,9.25
881,2019-10-24,바람과 함께 사라지다,9.21
882,2019-10-24,스탠 바이 미,9.08
883,2019-10-24,벌새,8.91
884,2019-10-24,세상을 바꾼 변호인,8.88
885,2019-10-24,김복동,8.83
886,2019-10-24,우리집,8.78
887,2019-10-24,너의 이름은.,8.75
888,2019-10-24,조커,8.71
889,2019-10-24,김광석,8.67
890,2019-10-24,아이다호,8.58
891,2019-10-24,기생충,8.48
892,2019-10-24,메기,8.43
893,2019-10-24,장사리 : 잊혀진 영웅들,8.39
894,2019-10-24,엑시트,8.3
895,2019-10-24,죽거나 혹은 나쁘거나,8.08
896,2019-10-24,퍼펙트맨,8.0
897,2019-10-24,시인의 사랑,7.98
898,2019-10-24,가장 보통의 연애,7.93
899,2019-10-24,장기왕: 가락시장 레볼루션,7.83
900,2019-10-24,말레피센트 2,7.77
901,2019-10-24,김군,7.76
902,2019-10-24,콜 미 바이 유어 네임,7.7
903,2019-10-24,더 룸,7.7
904,2019-10-24,원스 어폰 어 타임... 인 할리우드,7.64
905,2019-10-24,"힘을 내요, 미스터 리",7.57
906,2019-10-24,극장판 헬로카봇 : 달나라를 구해줘!,7.48
907,2019-10-24,"안녕, 티라노: 영원히, 함께",7.46
908,2019-10-24,판소리 복서,7.35
909,2019-10-24,47미터 2,7.27
910,2019-10-24,애드 아스트라,7.24
911,2019-10-24,레플리카,6.79
912,2019-10-24,"쏘아올린 불꽃, 밑에서 볼까? 옆에서 볼까?",6.78
913,2019-10-24,제미니 맨,6.77
914,2019-10-24,펭귄 하이웨이,6.61
915,2019-10-24,미드소마,6.6
916,2019-10-24,나쁜 녀석들: 더 무비,6.48
917,2019-10-24,다이빙벨,6.38
918,2019-10-24,그것: 두 번째 이야기,6.22
919,2019-10-24,82년생 김지영,5.63
920,2019-10-24,두번할까요,5.48
921,2019-10-24,타짜: 원 아이드 잭,5.34
922,2019-10-24,나랏말싸미,3.37
923,2019-10-25,주전장,9.5
924,2019-10-25,터미네이터 2:오리지널,9.42
925,2019-10-25,알라딘,9.38
926,2019-10-25,아이언 자이언트,9.33
927,2019-10-25,폴란드로 간 아이들,9.32
928,2019-10-25,교회오빠,9.27
929,2019-10-25,바람과 함께 사라지다,9.21
930,2019-10-25,내 사랑,9.17
931,2019-10-25,스탠 바이 미,9.08
932,2019-10-25,벌새,8.92
933,2019-10-25,세상을 바꾼 변호인,8.89
934,2019-10-25,우리집,8.77
935,2019-10-25,너의 이름은.,8.75
936,2019-10-25,조커,8.7
937,2019-10-25,김광석,8.67
938,2019-10-25,아이다호,8.58
939,2019-10-25,기생충,8.48
940,2019-10-25,메기,8.42
941,2019-10-25,장사리 : 잊혀진 영웅들,8.39
942,2019-10-25,엑시트,8.3
943,2019-10-25,죽거나 혹은 나쁘거나,8.08
944,2019-10-25,퍼펙트맨,8.0
945,2019-10-25,시인의 사랑,7.98
946,2019-10-25,가장 보통의 연애,7.93
947,2019-10-25,장기왕: 가락시장 레볼루션,7.83
948,2019-10-25,김군,7.76
949,2019-10-25,말레피센트 2,7.75
950,2019-10-25,콜 미 바이 유어 네임,7.7
951,2019-10-25,더 룸,7.7
952,2019-10-25,원스 어폰 어 타임... 인 할리우드,7.64
953,2019-10-25,"힘을 내요, 미스터 리",7.57
954,2019-10-25,극장판 헬로카봇 : 달나라를 구해줘!,7.48
955,2019-10-25,"안녕, 티라노: 영원히, 함께",7.47
956,2019-10-25,판소리 복서,7.33
957,2019-10-25,47미터 2,7.26
958,2019-10-25,애드 아스트라,7.24
959,2019-10-25,레플리카,6.79
960,2019-10-25,"쏘아올린 불꽃, 밑에서 볼까? 옆에서 볼까?",6.78
961,2019-10-25,제미니 맨,6.78
962,2019-10-25,펭귄 하이웨이,6.62
963,2019-10-25,미드소마,6.6
964,2019-10-25,나쁜 녀석들: 더 무비,6.48
965,2019-10-25,다이빙벨,6.38
966,2019-10-25,그것: 두 번째 이야기,6.22
967,2019-10-25,82년생 김지영,5.77
968,2019-10-25,두번할까요,5.44
969,2019-10-25,타짜: 원 아이드 잭,5.34
970,2019-10-25,나랏말싸미,3.37
971,2019-10-26,그린 북,9.61
972,2019-10-26,주전장,9.5
973,2019-10-26,터미네이터 2:오리지널,9.42
974,2019-10-26,알라딘,9.38
975,2019-10-26,아이언 자이언트,9.33
976,2019-10-26,폴란드로 간 아이들,9.32
977,2019-10-26,교회오빠,9.27
978,2019-10-26,바람과 함께 사라지다,9.21
979,2019-10-26,스탠 바이 미,9.08
980,2019-10-26,벌새,8.92
981,2019-10-26,람보 : 라스트 워,8.79
982,2019-10-26,우리집,8.77
983,2019-10-26,너의 이름은.,8.75
984,2019-10-26,조커,8.67
985,2019-10-26,김광석,8.67
986,2019-10-26,아이다호,8.58
987,2019-10-26,기생충,8.48
988,2019-10-26,메기,8.44
989,2019-10-26,장사리 : 잊혀진 영웅들,8.39
990,2019-10-26,엑시트,8.3
991,2019-10-26,죽거나 혹은 나쁘거나,8.08
992,2019-10-26,퍼펙트맨,8.0
993,2019-10-26,시인의 사랑,7.98
994,2019-10-26,가장 보통의 연애,7.93
995,2019-10-26,장기왕: 가락시장 레볼루션,7.83
996,2019-10-26,김군,7.76
997,2019-10-26,말레피센트 2,7.74
998,2019-10-26,콜 미 바이 유어 네임,7.71
999,2019-10-26,원스 어폰 어 타임... 인 할리우드,7.64
1000,2019-10-26,"힘을 내요, 미스터 리",7.57
1001,2019-10-26,극장판 헬로카봇 : 달나라를 구해줘!,7.48
1002,2019-10-26,"안녕, 티라노: 영원히, 함께",7.47
1003,2019-10-26,판소리 복서,7.33
1004,2019-10-26,47미터 2,7.22
1005,2019-10-26,레플리카,6.79
1006,2019-10-26,제미니 맨,6.78
1007,2019-10-26,"쏘아올린 불꽃, 밑에서 볼까? 옆에서 볼까?",6.78
1008,2019-10-26,펭귄 하이웨이,6.62
1009,2019-10-26,미드소마,6.6
1010,2019-10-26,나쁜 녀석들: 더 무비,6.48
1011,2019-10-26,다이빙벨,6.38
1012,2019-10-26,그것: 두 번째 이야기,6.22
1013,2019-10-26,82년생 김지영,5.97
1014,2019-10-26,두번할까요,5.44
1015,2019-10-26,타짜: 원 아이드 잭,5.34
1016,2019-10-27,그린 북,9.61
1017,2019-10-27,주전장,9.5
1018,2019-10-27,터미네이터 2:오리지널,9.42
1019,2019-10-27,알라딘,9.38
1020,2019-10-27,아이언 자이언트,9.33
1021,2019-10-27,폴란드로 간 아이들,9.32
1022,2019-10-27,교회오빠,9.27
1023,2019-10-27,바람과 함께 사라지다,9.21
1024,2019-10-27,스탠 바이 미,9.08
1025,2019-10-27,벌새,8.92
1026,2019-10-27,람보 : 라스트 워,8.9
1027,2019-10-27,우리집,8.77
1028,2019-10-27,너의 이름은.,8.75
1029,2019-10-27,김광석,8.67
1030,2019-10-27,조커,8.66
1031,2019-10-27,아이다호,8.58
1032,2019-10-27,기생충,8.48
1033,2019-10-27,졸업,8.47
1034,2019-10-27,메기,8.47
1035,2019-10-27,장사리 : 잊혀진 영웅들,8.39
1036,2019-10-27,엑시트,8.3
1037,2019-10-27,죽거나 혹은 나쁘거나,8.08
1038,2019-10-27,퍼펙트맨,7.99
1039,2019-10-27,시인의 사랑,7.98
1040,2019-10-27,가장 보통의 연애,7.92
1041,2019-10-27,장기왕: 가락시장 레볼루션,7.83
1042,2019-10-27,김군,7.76
1043,2019-10-27,말레피센트 2,7.71
1044,2019-10-27,콜 미 바이 유어 네임,7.71
1045,2019-10-27,원스 어폰 어 타임... 인 할리우드,7.64
1046,2019-10-27,"힘을 내요, 미스터 리",7.57
1047,2019-10-27,극장판 헬로카봇 : 달나라를 구해줘!,7.48
1048,2019-10-27,"안녕, 티라노: 영원히, 함께",7.46
1049,2019-10-27,판소리 복서,7.32
1050,2019-10-27,47미터 2,7.19
1051,2019-10-27,레플리카,6.79
1052,2019-10-27,제미니 맨,6.78
1053,2019-10-27,"쏘아올린 불꽃, 밑에서 볼까? 옆에서 볼까?",6.78
1054,2019-10-27,펭귄 하이웨이,6.62
1055,2019-10-27,미드소마,6.59
1056,2019-10-27,나쁜 녀석들: 더 무비,6.47
1057,2019-10-27,다이빙벨,6.38
1058,2019-10-27,그것: 두 번째 이야기,6.22
1059,2019-10-27,82년생 김지영,6.21
1060,2019-10-27,두번할까요,5.39
1061,2019-10-27,타짜: 원 아이드 잭,5.34
1062,2019-10-28,그린 북,9.61
1063,2019-10-28,주전장,9.5
1064,2019-10-28,터미네이터 2:오리지널,9.42
1065,2019-10-28,알라딘,9.38
1066,2019-10-28,아이언 자이언트,9.33
1067,2019-10-28,폴란드로 간 아이들,9.32
1068,2019-10-28,교회오빠,9.27
1069,2019-10-28,바람과 함께 사라지다,9.21
1070,2019-10-28,스탠 바이 미,9.08
1071,2019-10-28,벌새,8.92
1072,2019-10-28,람보 : 라스트 워,8.87
1073,2019-10-28,펄프 픽션,8.77
1074,2019-10-28,우리집,8.77
1075,2019-10-28,너의 이름은.,8.75
1076,2019-10-28,김광석,8.67
1077,2019-10-28,조커,8.66
1078,2019-10-28,아이다호,8.58
1079,2019-10-28,기생충,8.48
1080,2019-10-28,메기,8.48
1081,2019-10-28,졸업,8.47
1082,2019-10-28,장사리 : 잊혀진 영웅들,8.39
1083,2019-10-28,엑시트,8.3
1084,2019-10-28,저수지의 개들,8.29
1085,2019-10-28,죽거나 혹은 나쁘거나,8.08
1086,2019-10-28,퍼펙트맨,7.99
1087,2019-10-28,시인의 사랑,7.98
1088,2019-10-28,가장 보통의 연애,7.93
1089,2019-10-28,장기왕: 가락시장 레볼루션,7.81
1090,2019-10-28,김군,7.76
1091,2019-10-28,말레피센트 2,7.68
1092,2019-10-28,원스 어폰 어 타임... 인 할리우드,7.64
1093,2019-10-28,"힘을 내요, 미스터 리",7.56
1094,2019-10-28,기담,7.49
1095,2019-10-28,극장판 헬로카봇 : 달나라를 구해줘!,7.48
1096,2019-10-28,판소리 복서,7.31
1097,2019-10-28,47미터 2,7.17
1098,2019-10-28,"쏘아올린 불꽃, 밑에서 볼까? 옆에서 볼까?",6.79
1099,2019-10-28,제미니 맨,6.78
1100,2019-10-28,펭귄 하이웨이,6.62
1101,2019-10-28,미드소마,6.6
1102,2019-10-28,나쁜 녀석들: 더 무비,6.47
1103,2019-10-28,다이빙벨,6.38
1104,2019-10-28,82년생 김지영,6.34
1105,2019-10-28,그것: 두 번째 이야기,6.22
1106,2019-10-28,두번할까요,5.41
1107,2019-10-28,타짜: 원 아이드 잭,5.34
1108,2019-10-29,그린 북,9.61
1109,2019-10-29,주전장,9.5
1110,2019-10-29,터미네이터 2:오리지널,9.42
1111,2019-10-29,아이언 자이언트,9.33
1112,2019-10-29,폴란드로 간 아이들,9.32
1113,2019-10-29,뽀로로 극장판 보물섬 대모험,9.28
1114,2019-10-29,교회오빠,9.27
1115,2019-10-29,바람과 함께 사라지다,9.21
1116,2019-10-29,스탠 바이 미,9.08
1117,2019-10-29,벌새,8.92
1118,2019-10-29,람보 : 라스트 워,8.82
1119,2019-10-29,펄프 픽션,8.77
1120,2019-10-29,우리집,8.77
1121,2019-10-29,너의 이름은.,8.75
1122,2019-10-29,천로역정: 천국을 찾아서,8.72
1123,2019-10-29,김광석,8.67
1124,2019-10-29,조커,8.66
1125,2019-10-29,아이다호,8.58
1126,2019-10-29,장고:분노의 추적자,8.49
1127,2019-10-29,기생충,8.48
1128,2019-10-29,메기,8.48
1129,2019-10-29,졸업,8.47
1130,2019-10-29,장사리 : 잊혀진 영웅들,8.39
1131,2019-10-29,엑시트,8.3
1132,2019-10-29,저수지의 개들,8.29
1133,2019-10-29,킬 빌 - 1부,8.26
1134,2019-10-29,죽거나 혹은 나쁘거나,8.08
1135,2019-10-29,퍼펙트맨,7.99
1136,2019-10-29,시인의 사랑,7.98
1137,2019-10-29,가장 보통의 연애,7.92
1138,2019-10-29,장기왕: 가락시장 레볼루션,7.81
1139,2019-10-29,김군,7.76
1140,2019-10-29,말레피센트 2,7.67
1141,2019-10-29,원스 어폰 어 타임... 인 할리우드,7.64
1142,2019-10-29,"힘을 내요, 미스터 리",7.56
1143,2019-10-29,기담,7.49
1144,2019-10-29,극장판 헬로카봇 : 달나라를 구해줘!,7.48
1145,2019-10-29,판소리 복서,7.17
1146,2019-10-29,47미터 2,7.14
1147,2019-10-29,"쏘아올린 불꽃, 밑에서 볼까? 옆에서 볼까?",6.79
1148,2019-10-29,제미니 맨,6.78
1149,2019-10-29,펭귄 하이웨이,6.62
1150,2019-10-29,미드소마,6.6
1151,2019-10-29,나쁜 녀석들: 더 무비,6.47
1152,2019-10-29,82년생 김지영,6.39
1153,2019-10-29,다이빙벨,6.38
1154,2019-10-29,그것: 두 번째 이야기,6.22
1155,2019-10-29,두번할까요,5.39
1156,2019-10-29,타짜: 원 아이드 잭,5.34
1157,2019-10-30,그린 북,9.61
1158,2019-10-30,주전장,9.5
1159,2019-10-30,터미네이터 2:오리지널,9.43
1160,2019-10-30,아이언 자이언트,9.33
1161,2019-10-30,폴란드로 간 아이들,9.32
1162,2019-10-30,뽀로로 극장판 보물섬 대모험,9.28
1163,2019-10-30,교회오빠,9.27
1164,2019-10-30,바람과 함께 사라지다,9.21
1165,2019-10-30,어느 가족,9.2
1166,2019-10-30,스탠 바이 미,9.08
1167,2019-10-30,터미네이터: 다크 페이트,9.02
1168,2019-10-30,델마와 루이스,8.92
1169,2019-10-30,벌새,8.92
1170,2019-10-30,람보 : 라스트 워,8.78
1171,2019-10-30,펄프 픽션,8.77
1172,2019-10-30,너의 이름은.,8.75
1173,2019-10-30,우리집,8.75
1174,2019-10-30,천로역정: 천국을 찾아서,8.71
1175,2019-10-30,김광석,8.67
1176,2019-10-30,조커,8.66
1177,2019-10-30,아이다호,8.58
1178,2019-10-30,장고:분노의 추적자,8.49
1179,2019-10-30,기생충,8.48
1180,2019-10-30,메기,8.48
1181,2019-10-30,졸업,8.47
1182,2019-10-30,장사리 : 잊혀진 영웅들,8.39
1183,2019-10-30,엑시트,8.3
1184,2019-10-30,저수지의 개들,8.29
1185,2019-10-30,킬 빌 - 1부,8.26
1186,2019-10-30,날씨의 아이,8.14
1187,2019-10-30,죽거나 혹은 나쁘거나,8.08
1188,2019-10-30,퍼펙트맨,7.99
1189,2019-10-30,시인의 사랑,7.98
1190,2019-10-30,가장 보통의 연애,7.92
1191,2019-10-30,장기왕: 가락시장 레볼루션,7.81
1192,2019-10-30,김군,7.76
1193,2019-10-30,말레피센트 2,7.65
1194,2019-10-30,원스 어폰 어 타임... 인 할리우드,7.64
1195,2019-10-30,"힘을 내요, 미스터 리",7.56
1196,2019-10-30,기담,7.49
1197,2019-10-30,극장판 헬로카봇 : 달나라를 구해줘!,7.48
1198,2019-10-30,47미터 2,7.13
1199,2019-10-30,판소리 복서,6.86
1200,2019-10-30,제미니 맨,6.78
1201,2019-10-30,"쏘아올린 불꽃, 밑에서 볼까? 옆에서 볼까?",6.78
1202,2019-10-30,펭귄 하이웨이,6.62
1203,2019-10-30,미드소마,6.59
1204,2019-10-30,나쁜 녀석들: 더 무비,6.47
1205,2019-10-30,82년생 김지영,6.43
1206,2019-10-30,다이빙벨,6.38
1207,2019-10-31,그린 북,9.61
1208,2019-10-31,주전장,9.5
1209,2019-10-31,터미네이터 2:오리지널,9.43
1210,2019-10-31,아이언 자이언트,9.33
1211,2019-10-31,뽀로로 극장판 보물섬 대모험,9.28
1212,2019-10-31,교회오빠,9.27
1213,2019-10-31,바람과 함께 사라지다,9.21
1214,2019-10-31,어느 가족,9.2
1215,2019-10-31,스탠 바이 미,9.08
1216,2019-10-31,델마와 루이스,8.92
1217,2019-10-31,벌새,8.91
1218,2019-10-31,터미네이터: 다크 페이트,8.83
1219,2019-10-31,람보 : 라스트 워,8.78
1220,2019-10-31,펄프 픽션,8.77
1221,2019-10-31,너의 이름은.,8.75
1222,2019-10-31,천로역정: 천국을 찾아서,8.71
1223,2019-10-31,김광석,8.67
1224,2019-10-31,조커,8.67
1225,2019-10-31,아이다호,8.58
1226,2019-10-31,장고:분노의 추적자,8.49
1227,2019-10-31,기생충,8.48
1228,2019-10-31,메기,8.48
1229,2019-10-31,졸업,8.47
1230,2019-10-31,장사리 : 잊혀진 영웅들,8.39
1231,2019-10-31,엑시트,8.3
1232,2019-10-31,저수지의 개들,8.29
1233,2019-10-31,킬 빌 - 1부,8.26
1234,2019-10-31,죽거나 혹은 나쁘거나,8.09
1235,2019-10-31,시인의 사랑,7.98
1236,2019-10-31,퍼펙트맨,7.97
1237,2019-10-31,가장 보통의 연애,7.92
1238,2019-10-31,날씨의 아이,7.82
1239,2019-10-31,장기왕: 가락시장 레볼루션,7.81
1240,2019-10-31,김군,7.76
1241,2019-10-31,말레피센트 2,7.64
1242,2019-10-31,원스 어폰 어 타임... 인 할리우드,7.64
1243,2019-10-31,"힘을 내요, 미스터 리",7.56
1244,2019-10-31,기담,7.49
1245,2019-10-31,극장판 헬로카봇 : 달나라를 구해줘!,7.48
1246,2019-10-31,47미터 2,7.11
1247,2019-10-31,제미니 맨,6.79
1248,2019-10-31,판소리 복서,6.78
1249,2019-10-31,"쏘아올린 불꽃, 밑에서 볼까? 옆에서 볼까?",6.78
1250,2019-10-31,펭귄 하이웨이,6.61
1251,2019-10-31,나쁜 녀석들: 더 무비,6.47
1252,2019-10-31,82년생 김지영,6.47
1253,2019-10-31,다이빙벨,6.38
1254,2019-10-31,두번할까요,5.39
